{"mean": [973.074297705917, 972.5522542561263, 3.943413412273711, 6.657888887081646, 4.173430273851542, 6.872513459442755, 15.702428392511507, 6.46902295017973, 18.259424320792874, 7.122948553211561, 2.5924648807490662, 0.15297408955612302, 3.837760175230288, 3.995982498658122, 5.240207001262874, 2.159200947235016, 6.095026650422464, 2.3771942199894904, 0.86529171550025, 0.05105190727442798, 1.2828217968976063, 1.3361047432782742, 16.26599003486172, 6.7067983062517955, 18.139929409085735, 7.38908497476185, 2.5191956322549514, 0.14540535558411, 3.9991108364101646, 3.829866137505896, 5.428555163808765, 2.238574159219488, 6.054578743107319, 2.4662181097671425, 0.8406734504837529, 0.048501887239706165, 1.3370454137198788, 1.2806241888670393], "scale": [749.2997452650301, 749.4508636557767, 2.3898248030847404, 3.29386159126373, 2.4118787900710728, 3.3114037247991033, 17.94351375655899, 7.825515340303767, 20.836335851344813, 8.40103032859112, 3.2129060584561673, 0.4301722337850196, 2.1785822072775316, 2.1911966011798367, 5.984055146384479, 2.6106602679892665, 6.951129229307042, 2.8021506767028828, 1.0718506035181619, 0.14362476350830333, 0.7273003761332031, 0.7321376719333905, 18.581524042139208, 8.099230116554674, 20.70432651886609, 8.691440374049984, 3.140552989323795, 0.4177583845886167, 2.2263906072968926, 2.1523583337730723, 6.197450235614744, 2.7019834176100495, 6.90671468762788, 2.899529627951302, 1.0474898480793684, 0.13937791256288545, 0.7434370646677663, 0.7188526586509576], "feature_names": ["HomeElo", "AwayElo", "Form3Home", "Form5Home", "Form3Away", "Form5Away", "Home_Shots_last3_sum", "Home_Target_last3_sum", "Home_Fouls_last3_sum", "Home_Corners_last3_sum", "Home_Yellow_last3_sum", "Home_Red_last3_sum", "Home_GoalsFor_last3_sum", "Home_GoalsAgainst_last3_sum", "Home_Shots_last3_mean", "Home_Target_last3_mean", "Home_Fouls_last3_mean", "Home_Corners_last3_mean", "Home_Yellow_last3_mean", "Home_Red_last3_mean", "Home_GoalsFor_last3_mean", "Home_GoalsAgainst_last3_mean", "Away_Shots_last3_sum", "Away_Target_last3_sum", "Away_Fouls_last3_sum", "Away_Corners_last3_sum", "Away_Yellow_last3_sum", "Away_Red_last3_sum", "Away_GoalsFor_last3_sum", "Away_GoalsAgainst_last3_sum", "Away_Shots_last3_mean", "Away_Target_last3_mean", "Away_Fouls_last3_mean", "Away_Corners_last3_mean", "Away_Yellow_last3_mean", "Away_Red_last3_mean", "Away_GoalsFor_last3_mean", "Away_GoalsAgainst_last3_mean"]}